None,date,ticker,adj_close
0,2017-12-29,GOOGL,1053.4
1,2017-12-28,GOOGL,1055.95
2,2017-12-27,GOOGL,1060.2
3,2017-12-26,GOOGL,1065.85
4,2017-12-22,GOOGL,1068.86
5,2017-12-21,GOOGL,1070.85
6,2017-12-20,GOOGL,1073.56
7,2017-12-19,GOOGL,1079.78
8,2017-12-18,GOOGL,1085.09
9,2017-12-15,GOOGL,1072.0
10,2017-12-14,GOOGL,1057.47
11,2017-12-13,GOOGL,1051.39
12,2017-12-12,GOOGL,1048.77
13,2017-12-11,GOOGL,1051.97
14,2017-12-08,GOOGL,1049.38
15,2017-12-07,GOOGL,1044.57
16,2017-12-06,GOOGL,1032.72
17,2017-12-05,GOOGL,1019.6
18,2017-12-04,GOOGL,1011.87
19,2017-12-01,GOOGL,1025.07
20,2017-11-30,GOOGL,1036.17
21,2017-11-29,GOOGL,1037.38
22,2017-11-28,GOOGL,1063.29
23,2017-11-27,GOOGL,1072.01
24,2017-11-24,GOOGL,1056.52
25,2017-11-22,GOOGL,1051.92
26,2017-11-21,GOOGL,1050.3
27,2017-11-20,GOOGL,1034.66
28,2017-11-17,GOOGL,1035.89
29,2017-11-16,GOOGL,1048.47
30,2017-11-15,GOOGL,1036.41
31,2017-11-14,GOOGL,1041.64
32,2017-11-13,GOOGL,1041.2
33,2017-11-10,GOOGL,1044.15
34,2017-11-09,GOOGL,1047.72
35,2017-11-07,GOOGL,1052.39
36,2017-11-06,GOOGL,1042.68
37,2017-11-03,GOOGL,1049.99
38,2017-11-02,GOOGL,1042.97
39,2017-11-01,GOOGL,1042.6
40,2017-10-31,GOOGL,1033.04
41,2017-10-30,GOOGL,1033.13
42,2017-10-27,GOOGL,1033.67
43,2017-10-26,GOOGL,991.42
44,2017-10-25,GOOGL,991.46
45,2017-10-24,GOOGL,988.49
46,2017-10-23,GOOGL,985.54
47,2017-10-20,GOOGL,1005.07
48,2017-10-19,GOOGL,1001.84
49,2017-10-18,GOOGL,1012.74
50,2017-10-17,GOOGL,1011.0
51,2017-10-16,GOOGL,1009.35
52,2017-10-13,GOOGL,1007.87
53,2017-10-12,GOOGL,1005.65
54,2017-10-11,GOOGL,1005.65
55,2017-10-10,GOOGL,987.8
56,2017-10-09,GOOGL,992.31
57,2017-10-06,GOOGL,993.64
58,2017-10-05,GOOGL,985.19
59,2017-10-04,GOOGL,966.78
60,2017-10-03,GOOGL,972.08
61,2017-10-02,GOOGL,967.47
62,2017-09-29,GOOGL,973.72
63,2017-09-28,GOOGL,964.81
64,2017-09-27,GOOGL,959.9
65,2017-09-26,GOOGL,937.43
66,2017-09-25,GOOGL,934.28
67,2017-09-22,GOOGL,943.26
68,2017-09-21,GOOGL,947.55
69,2017-09-20,GOOGL,947.54
70,2017-09-19,GOOGL,936.86
71,2017-09-18,GOOGL,929.75
72,2017-09-15,GOOGL,935.29
73,2017-09-14,GOOGL,940.13
74,2017-09-13,GOOGL,950.44
75,2017-09-12,GOOGL,946.65
76,2017-09-11,GOOGL,943.29
77,2017-09-08,GOOGL,941.41
78,2017-09-07,GOOGL,949.89
79,2017-09-06,GOOGL,942.02
80,2017-09-05,GOOGL,941.48
81,2017-09-01,GOOGL,951.99
82,2017-08-31,GOOGL,955.24
83,2017-08-30,GOOGL,943.63
84,2017-08-29,GOOGL,935.75
85,2017-08-28,GOOGL,928.13
86,2017-08-25,GOOGL,930.5
87,2017-08-24,GOOGL,936.89
88,2017-08-23,GOOGL,942.58
89,2017-08-22,GOOGL,940.4
90,2017-08-21,GOOGL,920.87
91,2017-08-18,GOOGL,926.18
92,2017-08-17,GOOGL,927.66
93,2017-08-16,GOOGL,944.27
94,2017-08-15,GOOGL,938.08
95,2017-08-14,GOOGL,938.93
96,2017-08-11,GOOGL,930.09
97,2017-08-10,GOOGL,923.59
98,2017-08-09,GOOGL,940.08
99,2017-08-08,GOOGL,944.19
100,2017-08-07,GOOGL,945.75
101,2017-08-04,GOOGL,945.79
102,2017-08-03,GOOGL,940.3
103,2017-08-02,GOOGL,947.64
104,2017-08-01,GOOGL,946.56
105,2017-07-31,GOOGL,945.5
106,2017-07-28,GOOGL,958.33
107,2017-07-27,GOOGL,952.51
108,2017-07-26,GOOGL,965.31
109,2017-07-25,GOOGL,969.03
110,2017-07-24,GOOGL,998.31
111,2017-07-21,GOOGL,993.84
112,2017-07-20,GOOGL,992.19
113,2017-07-19,GOOGL,992.77
114,2017-07-18,GOOGL,986.95
115,2017-07-17,GOOGL,975.96
116,2017-07-14,GOOGL,976.91
117,2017-07-13,GOOGL,968.7175
118,2017-07-12,GOOGL,967.66
119,2017-07-11,GOOGL,953.53
120,2017-07-10,GOOGL,951.0
121,2017-07-07,GOOGL,940.81
122,2017-07-06,GOOGL,927.69
123,2017-07-05,GOOGL,932.26
124,2017-07-03,GOOGL,919.46
125,2017-06-30,GOOGL,929.68
126,2017-06-29,GOOGL,937.82
127,2017-06-28,GOOGL,961.01
128,2017-06-27,GOOGL,948.09
129,2017-06-26,GOOGL,972.09
130,2017-06-23,GOOGL,986.09
131,2017-06-22,GOOGL,976.62
132,2017-06-21,GOOGL,978.59
133,2017-06-20,GOOGL,968.99
134,2017-06-19,GOOGL,975.22
135,2017-06-16,GOOGL,958.62
136,2017-06-15,GOOGL,960.18
137,2017-06-14,GOOGL,967.93
138,2017-06-13,GOOGL,970.5
139,2017-06-12,GOOGL,961.81
140,2017-06-09,GOOGL,970.12
141,2017-06-08,GOOGL,1004.28
142,2017-06-07,GOOGL,1001.59
143,2017-06-06,GOOGL,996.68
144,2017-06-05,GOOGL,1003.88
145,2017-06-02,GOOGL,996.12
146,2017-06-01,GOOGL,988.29
147,2017-05-31,GOOGL,987.09
148,2017-05-30,GOOGL,996.17
149,2017-05-26,GOOGL,993.27
150,2017-05-25,GOOGL,991.86
151,2017-05-24,GOOGL,977.61
152,2017-05-23,GOOGL,970.55
153,2017-05-22,GOOGL,964.07
154,2017-05-19,GOOGL,954.65
155,2017-05-18,GOOGL,950.5
156,2017-05-17,GOOGL,942.17
157,2017-05-16,GOOGL,964.61
158,2017-05-15,GOOGL,959.22
159,2017-05-12,GOOGL,955.14
160,2017-05-11,GOOGL,955.89
161,2017-05-10,GOOGL,954.84
162,2017-05-09,GOOGL,956.71
163,2017-05-08,GOOGL,958.69
164,2017-05-05,GOOGL,950.28
165,2017-05-04,GOOGL,954.72
166,2017-05-03,GOOGL,948.45
167,2017-05-02,GOOGL,937.09
168,2017-05-01,GOOGL,932.82
169,2017-04-28,GOOGL,924.52
170,2017-04-27,GOOGL,891.44
171,2017-04-26,GOOGL,889.14
172,2017-04-25,GOOGL,888.84
173,2017-04-24,GOOGL,878.93
174,2017-04-21,GOOGL,858.95
175,2017-04-20,GOOGL,860.08
176,2017-04-19,GOOGL,856.51
177,2017-04-18,GOOGL,853.99
178,2017-04-17,GOOGL,855.13
179,2017-04-13,GOOGL,840.18
180,2017-04-12,GOOGL,841.46
181,2017-04-11,GOOGL,839.88
182,2017-04-10,GOOGL,841.7
183,2017-04-07,GOOGL,842.1
184,2017-04-06,GOOGL,845.095
185,2017-04-05,GOOGL,848.91
186,2017-04-04,GOOGL,852.57
187,2017-04-03,GOOGL,856.75
188,2017-03-31,GOOGL,847.8
189,2017-03-30,GOOGL,849.48
190,2017-03-29,GOOGL,849.87
191,2017-03-28,GOOGL,840.63
192,2017-03-27,GOOGL,838.51
193,2017-03-24,GOOGL,835.14
194,2017-03-23,GOOGL,839.65
195,2017-03-22,GOOGL,849.8
196,2017-03-21,GOOGL,850.14
197,2017-03-20,GOOGL,867.91
198,2017-03-17,GOOGL,872.37
199,2017-03-16,GOOGL,870.0
200,2017-03-15,GOOGL,868.39
201,2017-03-14,GOOGL,865.91
202,2017-03-13,GOOGL,864.58
203,2017-03-10,GOOGL,861.405
204,2017-03-09,GOOGL,857.84
205,2017-03-08,GOOGL,853.64
206,2017-03-07,GOOGL,851.15
207,2017-03-06,GOOGL,847.27
208,2017-03-03,GOOGL,849.08
209,2017-03-02,GOOGL,849.85
210,2017-03-01,GOOGL,856.75
211,2017-02-28,GOOGL,844.93
212,2017-02-27,GOOGL,849.67
213,2017-02-24,GOOGL,847.81
214,2017-02-23,GOOGL,851.0
215,2017-02-22,GOOGL,851.36
216,2017-02-21,GOOGL,849.27
217,2017-02-17,GOOGL,846.55
218,2017-02-16,GOOGL,842.17
219,2017-02-15,GOOGL,837.32
220,2017-02-14,GOOGL,840.03
221,2017-02-13,GOOGL,838.96
222,2017-02-10,GOOGL,834.85
223,2017-02-09,GOOGL,830.06
224,2017-02-08,GOOGL,829.88
225,2017-02-07,GOOGL,829.23
226,2017-02-06,GOOGL,821.62
227,2017-02-03,GOOGL,820.13
228,2017-02-02,GOOGL,818.26
229,2017-02-01,GOOGL,815.24
230,2017-01-31,GOOGL,820.19
231,2017-01-30,GOOGL,823.83
232,2017-01-27,GOOGL,845.03
233,2017-01-26,GOOGL,856.98
234,2017-01-25,GOOGL,858.45
235,2017-01-24,GOOGL,849.53
236,2017-01-23,GOOGL,844.43
237,2017-01-20,GOOGL,828.17
238,2017-01-19,GOOGL,824.37
239,2017-01-18,GOOGL,829.02
240,2017-01-17,GOOGL,827.46
241,2017-01-13,GOOGL,830.94
242,2017-01-12,GOOGL,829.53
243,2017-01-11,GOOGL,829.86
244,2017-01-10,GOOGL,826.01
245,2017-01-09,GOOGL,827.18
246,2017-01-06,GOOGL,825.21
247,2017-01-05,GOOGL,813.02
248,2017-01-04,GOOGL,807.77
249,2017-01-03,GOOGL,808.01
250,2016-12-30,GOOGL,792.45
251,2016-12-29,GOOGL,802.88
252,2016-12-28,GOOGL,804.57
253,2016-12-27,GOOGL,809.93
254,2016-12-23,GOOGL,807.8
255,2016-12-22,GOOGL,809.68
256,2016-12-21,GOOGL,812.2
257,2016-12-20,GOOGL,815.2
258,2016-12-19,GOOGL,812.5
259,2016-12-16,GOOGL,809.84
260,2016-12-15,GOOGL,815.65
261,2016-12-14,GOOGL,817.89
262,2016-12-13,GOOGL,815.34
263,2016-12-12,GOOGL,807.9
264,2016-12-09,GOOGL,809.45
265,2016-12-08,GOOGL,795.17
266,2016-12-07,GOOGL,791.47
267,2016-12-06,GOOGL,776.18
268,2016-12-05,GOOGL,778.22
269,2016-12-02,GOOGL,764.46
270,2016-12-01,GOOGL,764.33
271,2016-11-30,GOOGL,775.88
272,2016-11-29,GOOGL,789.44
273,2016-11-28,GOOGL,785.79
274,2016-11-25,GOOGL,780.23
275,2016-11-23,GOOGL,779.0
276,2016-11-22,GOOGL,785.0
277,2016-11-21,GOOGL,784.8
278,2016-11-18,GOOGL,775.97
279,2016-11-17,GOOGL,786.16
280,2016-11-16,GOOGL,779.98
281,2016-11-15,GOOGL,775.16
282,2016-11-14,GOOGL,753.22
283,2016-11-11,GOOGL,771.75
284,2016-11-10,GOOGL,780.29
285,2016-11-09,GOOGL,805.59
286,2016-11-08,GOOGL,811.98
287,2016-11-07,GOOGL,802.03
288,2016-11-04,GOOGL,781.1
289,2016-11-03,GOOGL,782.19
290,2016-11-02,GOOGL,788.42
291,2016-11-01,GOOGL,805.48
292,2016-10-31,GOOGL,809.9
293,2016-10-28,GOOGL,819.56
294,2016-10-27,GOOGL,817.35
295,2016-10-26,GOOGL,822.1
296,2016-10-25,GOOGL,828.55
297,2016-10-24,GOOGL,835.74
298,2016-10-21,GOOGL,824.06
299,2016-10-20,GOOGL,821.63
300,2016-10-19,GOOGL,827.09
301,2016-10-18,GOOGL,821.49
302,2016-10-17,GOOGL,806.84
303,2016-10-14,GOOGL,804.6
304,2016-10-13,GOOGL,804.08
305,2016-10-12,GOOGL,811.77
306,2016-10-11,GOOGL,809.57
307,2016-10-10,GOOGL,814.17
308,2016-10-07,GOOGL,800.71
309,2016-10-06,GOOGL,803.08
310,2016-10-05,GOOGL,801.23
311,2016-10-04,GOOGL,802.79
312,2016-10-03,GOOGL,800.38
313,2016-09-30,GOOGL,804.06
314,2016-09-29,GOOGL,802.64
315,2016-09-28,GOOGL,810.06
316,2016-09-27,GOOGL,810.73
317,2016-09-26,GOOGL,802.65
318,2016-09-23,GOOGL,814.96
319,2016-09-22,GOOGL,815.95
320,2016-09-21,GOOGL,805.03
321,2016-09-20,GOOGL,799.78
322,2016-09-19,GOOGL,795.39
323,2016-09-16,GOOGL,797.97
324,2016-09-15,GOOGL,801.23
325,2016-09-14,GOOGL,790.46
326,2016-09-13,GOOGL,788.72
327,2016-09-12,GOOGL,798.82
328,2016-09-09,GOOGL,788.48
329,2016-09-08,GOOGL,802.84
330,2016-09-07,GOOGL,807.99
331,2016-09-06,GOOGL,808.02
332,2016-09-02,GOOGL,796.87
333,2016-09-01,GOOGL,791.4
334,2016-08-31,GOOGL,789.85
335,2016-08-30,GOOGL,791.92
336,2016-08-29,GOOGL,795.82
337,2016-08-26,GOOGL,793.22
338,2016-08-25,GOOGL,791.3
339,2016-08-24,GOOGL,793.6
340,2016-08-23,GOOGL,796.59
341,2016-08-22,GOOGL,796.95
342,2016-08-19,GOOGL,799.65
343,2016-08-18,GOOGL,802.75
344,2016-08-17,GOOGL,805.42
345,2016-08-16,GOOGL,801.19
346,2016-08-15,GOOGL,805.96
347,2016-08-12,GOOGL,807.05
348,2016-08-11,GOOGL,808.2
349,2016-08-10,GOOGL,808.49
350,2016-08-09,GOOGL,807.48
351,2016-08-08,GOOGL,805.23
352,2016-08-05,GOOGL,806.93
353,2016-08-04,GOOGL,797.25
354,2016-08-03,GOOGL,798.92
355,2016-08-02,GOOGL,800.12
356,2016-08-01,GOOGL,800.94
357,2016-07-29,GOOGL,791.34
358,2016-07-28,GOOGL,765.84
359,2016-07-27,GOOGL,761.97
360,2016-07-26,GOOGL,757.65
361,2016-07-25,GOOGL,757.52
362,2016-07-22,GOOGL,759.28
363,2016-07-21,GOOGL,754.41
364,2016-07-20,GOOGL,757.08
365,2016-07-19,GOOGL,753.41
366,2016-07-18,GOOGL,753.2
367,2016-07-15,GOOGL,735.63
368,2016-07-14,GOOGL,735.8
369,2016-07-13,GOOGL,729.48
370,2016-07-12,GOOGL,732.51
371,2016-07-11,GOOGL,727.2
372,2016-07-08,GOOGL,717.78
373,2016-07-07,GOOGL,707.26
374,2016-07-06,GOOGL,708.97
375,2016-07-05,GOOGL,704.89
376,2016-07-01,GOOGL,710.25
377,2016-06-30,GOOGL,703.53
378,2016-06-29,GOOGL,695.19
379,2016-06-28,GOOGL,691.26
380,2016-06-27,GOOGL,681.14
381,2016-06-24,GOOGL,685.2
382,2016-06-23,GOOGL,714.87
383,2016-06-22,GOOGL,710.47
384,2016-06-21,GOOGL,708.88
385,2016-06-20,GOOGL,706.13
386,2016-06-17,GOOGL,704.25
387,2016-06-16,GOOGL,724.25
388,2016-06-15,GOOGL,732.19
389,2016-06-14,GOOGL,733.25
390,2016-06-13,GOOGL,731.88
391,2016-06-10,GOOGL,733.19
392,2016-06-09,GOOGL,742.52
393,2016-06-08,GOOGL,742.93
394,2016-06-07,GOOGL,731.09
395,2016-06-06,GOOGL,730.06
396,2016-06-03,GOOGL,735.86
397,2016-06-02,GOOGL,744.27
398,2016-06-01,GOOGL,748.46
399,2016-05-31,GOOGL,748.85
400,2016-05-27,GOOGL,747.6
401,2016-05-26,GOOGL,736.93
402,2016-05-25,GOOGL,738.1
403,2016-05-24,GOOGL,733.03
404,2016-05-23,GOOGL,717.25
405,2016-05-20,GOOGL,721.71
406,2016-05-19,GOOGL,715.31
407,2016-05-18,GOOGL,721.78
408,2016-05-17,GOOGL,720.19
409,2016-05-16,GOOGL,730.3
410,2016-05-13,GOOGL,724.83
411,2016-05-12,GOOGL,728.07
412,2016-05-11,GOOGL,730.55
413,2016-05-10,GOOGL,739.38
414,2016-05-09,GOOGL,729.13
415,2016-05-06,GOOGL,725.18
416,2016-05-05,GOOGL,714.71
417,2016-05-04,GOOGL,711.37
418,2016-05-03,GOOGL,708.44
419,2016-05-02,GOOGL,714.41
420,2016-04-29,GOOGL,707.88
421,2016-04-28,GOOGL,705.06
422,2016-04-27,GOOGL,721.46
423,2016-04-26,GOOGL,725.37
424,2016-04-25,GOOGL,742.21
425,2016-04-22,GOOGL,737.77
426,2016-04-21,GOOGL,780.0
427,2016-04-20,GOOGL,774.92
428,2016-04-19,GOOGL,776.25
429,2016-04-18,GOOGL,787.68
430,2016-04-15,GOOGL,780.0
431,2016-04-14,GOOGL,775.39
432,2016-04-13,GOOGL,771.91
433,2016-04-12,GOOGL,764.32
434,2016-04-11,GOOGL,757.54
435,2016-04-08,GOOGL,759.47
436,2016-04-07,GOOGL,760.12
437,2016-04-06,GOOGL,768.07
438,2016-04-05,GOOGL,758.57
439,2016-04-04,GOOGL,765.12
440,2016-04-01,GOOGL,769.67
441,2016-03-31,GOOGL,762.9
442,2016-03-30,GOOGL,768.34
443,2016-03-29,GOOGL,765.89
444,2016-03-28,GOOGL,753.28
445,2016-03-24,GOOGL,754.84
446,2016-03-23,GOOGL,757.56
447,2016-03-22,GOOGL,760.05
448,2016-03-21,GOOGL,762.16
449,2016-03-18,GOOGL,755.41
450,2016-03-17,GOOGL,758.48
451,2016-03-16,GOOGL,757.36
452,2016-03-15,GOOGL,750.57
453,2016-03-14,GOOGL,750.24
454,2016-03-11,GOOGL,744.87
455,2016-03-10,GOOGL,732.17
456,2016-03-09,GOOGL,725.41
457,2016-03-08,GOOGL,713.53
458,2016-03-07,GOOGL,712.8
459,2016-03-04,GOOGL,730.22
460,2016-03-03,GOOGL,731.59
461,2016-03-02,GOOGL,739.48
462,2016-03-01,GOOGL,742.17
463,2016-02-29,GOOGL,717.22
464,2016-02-26,GOOGL,724.86
465,2016-02-25,GOOGL,729.12
466,2016-02-24,GOOGL,720.9
467,2016-02-23,GOOGL,717.29
468,2016-02-22,GOOGL,729.05
469,2016-02-19,GOOGL,722.11
470,2016-02-18,GOOGL,717.51
471,2016-02-17,GOOGL,731.97
472,2016-02-16,GOOGL,717.64
473,2016-02-12,GOOGL,706.89
474,2016-02-11,GOOGL,706.36
475,2016-02-10,GOOGL,706.85
476,2016-02-09,GOOGL,701.02
477,2016-02-08,GOOGL,704.16
478,2016-02-05,GOOGL,703.76
479,2016-02-04,GOOGL,730.03
480,2016-02-03,GOOGL,749.38
481,2016-02-02,GOOGL,780.91
482,2016-02-01,GOOGL,770.77
483,2016-01-29,GOOGL,761.35
484,2016-01-28,GOOGL,748.3
485,2016-01-27,GOOGL,717.58
486,2016-01-26,GOOGL,733.79
487,2016-01-25,GOOGL,733.62
488,2016-01-22,GOOGL,745.46
489,2016-01-21,GOOGL,726.67
490,2016-01-20,GOOGL,718.56
491,2016-01-19,GOOGL,719.08
492,2016-01-15,GOOGL,710.49
493,2016-01-14,GOOGL,731.39
494,2016-01-13,GOOGL,719.57
495,2016-01-12,GOOGL,745.34
496,2016-01-11,GOOGL,733.07
497,2016-01-08,GOOGL,730.91
498,2016-01-07,GOOGL,741.0
499,2016-01-06,GOOGL,759.33
500,2016-01-05,GOOGL,761.53
501,2016-01-04,GOOGL,759.44
502,2017-12-29,FB,176.46
503,2017-12-28,FB,177.92
504,2017-12-27,FB,177.62
505,2017-12-26,FB,175.99
506,2017-12-22,FB,177.2
507,2017-12-21,FB,177.45
508,2017-12-20,FB,177.89
509,2017-12-19,FB,179.51
510,2017-12-18,FB,180.82
511,2017-12-15,FB,180.18
512,2017-12-14,FB,178.39
513,2017-12-13,FB,178.3
514,2017-12-12,FB,176.96
515,2017-12-11,FB,179.04
516,2017-12-08,FB,179.0
517,2017-12-07,FB,180.14
518,2017-12-06,FB,176.06
519,2017-12-05,FB,172.83
520,2017-12-04,FB,171.47
521,2017-12-01,FB,175.1
522,2017-11-30,FB,177.18
523,2017-11-29,FB,175.13
524,2017-11-28,FB,182.42
525,2017-11-27,FB,183.03
526,2017-11-24,FB,182.78
527,2017-11-22,FB,180.87
528,2017-11-21,FB,181.86
529,2017-11-20,FB,178.74
530,2017-11-17,FB,179.0
531,2017-11-16,FB,179.59
532,2017-11-15,FB,177.95
533,2017-11-14,FB,178.07
534,2017-11-13,FB,178.77
535,2017-11-10,FB,178.46
536,2017-11-09,FB,179.3
537,2017-11-07,FB,180.25
538,2017-11-06,FB,180.17
539,2017-11-03,FB,178.92
540,2017-11-02,FB,178.92
541,2017-11-01,FB,182.66
542,2017-10-31,FB,180.06
543,2017-10-30,FB,179.87
544,2017-10-27,FB,177.88
545,2017-10-26,FB,170.63
546,2017-10-25,FB,170.6
547,2017-10-24,FB,171.8
548,2017-10-23,FB,171.27
549,2017-10-20,FB,174.98
550,2017-10-19,FB,174.56
551,2017-10-18,FB,176.03
552,2017-10-17,FB,176.11
553,2017-10-16,FB,174.52
554,2017-10-13,FB,173.74
555,2017-10-12,FB,172.55
556,2017-10-11,FB,172.74
557,2017-10-10,FB,171.59
558,2017-10-09,FB,172.5
559,2017-10-06,FB,172.23
560,2017-10-05,FB,171.24
561,2017-10-04,FB,168.42
562,2017-10-03,FB,169.96
563,2017-10-02,FB,169.47
564,2017-09-29,FB,170.81
565,2017-09-28,FB,168.73
566,2017-09-27,FB,167.68
567,2017-09-26,FB,164.21
568,2017-09-25,FB,162.87
569,2017-09-22,FB,170.54
570,2017-09-21,FB,171.11
571,2017-09-20,FB,172.17
572,2017-09-19,FB,172.52
573,2017-09-18,FB,170.01
574,2017-09-15,FB,171.58
575,2017-09-14,FB,170.96
576,2017-09-13,FB,173.05
577,2017-09-12,FB,172.96
578,2017-09-11,FB,173.51
579,2017-09-08,FB,170.95
580,2017-09-07,FB,173.21
581,2017-09-06,FB,172.09
582,2017-09-05,FB,170.72
583,2017-09-01,FB,172.02
584,2017-08-31,FB,172.0
585,2017-08-30,FB,169.92
586,2017-08-29,FB,168.05
587,2017-08-28,FB,167.24
588,2017-08-25,FB,166.32
589,2017-08-24,FB,167.74
590,2017-08-23,FB,168.71
591,2017-08-22,FB,169.64
592,2017-08-21,FB,167.78
593,2017-08-18,FB,167.41
594,2017-08-17,FB,166.91
595,2017-08-16,FB,170.0
596,2017-08-15,FB,171.0
597,2017-08-14,FB,170.75
598,2017-08-11,FB,168.08
599,2017-08-10,FB,167.4
600,2017-08-09,FB,171.18
601,2017-08-08,FB,171.23
602,2017-08-07,FB,171.98
603,2017-08-04,FB,169.62
604,2017-08-03,FB,168.59
605,2017-08-02,FB,169.25
606,2017-08-01,FB,169.86
607,2017-07-31,FB,169.25
608,2017-07-28,FB,172.45
609,2017-07-27,FB,170.44
610,2017-07-26,FB,165.61
611,2017-07-25,FB,165.28
612,2017-07-24,FB,166.0
613,2017-07-21,FB,164.43
614,2017-07-20,FB,164.53
615,2017-07-19,FB,164.14
616,2017-07-18,FB,162.86
617,2017-07-17,FB,159.73
618,2017-07-14,FB,159.97
619,2017-07-13,FB,159.26
620,2017-07-12,FB,158.9
621,2017-07-11,FB,155.27
622,2017-07-10,FB,153.5
623,2017-07-07,FB,151.44
624,2017-07-06,FB,148.82
625,2017-07-05,FB,150.34
626,2017-07-03,FB,148.43
627,2017-06-30,FB,150.98
628,2017-06-29,FB,151.04
629,2017-06-28,FB,153.24
630,2017-06-27,FB,150.58
631,2017-06-26,FB,153.59
632,2017-06-23,FB,155.07
633,2017-06-22,FB,153.4
634,2017-06-21,FB,153.91
635,2017-06-20,FB,152.25
636,2017-06-19,FB,152.87
637,2017-06-16,FB,150.64
638,2017-06-15,FB,149.8
639,2017-06-14,FB,150.25
640,2017-06-13,FB,150.68
641,2017-06-12,FB,148.44
642,2017-06-09,FB,149.63
643,2017-06-08,FB,154.71
644,2017-06-07,FB,153.12
645,2017-06-06,FB,152.81
646,2017-06-05,FB,153.63
647,2017-06-02,FB,153.61
648,2017-06-01,FB,151.53
649,2017-05-31,FB,151.46
650,2017-05-30,FB,152.38
651,2017-05-26,FB,152.13
652,2017-05-25,FB,151.96
653,2017-05-24,FB,150.04
654,2017-05-23,FB,148.07
655,2017-05-22,FB,148.24
656,2017-05-19,FB,148.06
657,2017-05-18,FB,147.66
658,2017-05-17,FB,144.85
659,2017-05-16,FB,149.78
660,2017-05-15,FB,150.19
661,2017-05-12,FB,150.33
662,2017-05-11,FB,150.04
663,2017-05-10,FB,150.29
664,2017-05-09,FB,150.48
665,2017-05-08,FB,151.06
666,2017-05-05,FB,150.24
667,2017-05-04,FB,150.85
668,2017-05-03,FB,151.8
669,2017-05-02,FB,152.78
670,2017-05-01,FB,152.46
671,2017-04-28,FB,150.25
672,2017-04-27,FB,147.7
673,2017-04-26,FB,146.56
674,2017-04-25,FB,146.49
675,2017-04-24,FB,145.47
676,2017-04-21,FB,143.68
677,2017-04-20,FB,143.8
678,2017-04-19,FB,142.27
679,2017-04-18,FB,140.96
680,2017-04-17,FB,141.42
681,2017-04-13,FB,139.39
682,2017-04-12,FB,139.58
683,2017-04-11,FB,139.92
684,2017-04-10,FB,141.04
685,2017-04-07,FB,140.78
686,2017-04-06,FB,141.17
687,2017-04-05,FB,141.85
688,2017-04-04,FB,141.73
689,2017-04-03,FB,142.28
690,2017-03-31,FB,142.05
691,2017-03-30,FB,142.41
692,2017-03-29,FB,142.65
693,2017-03-28,FB,141.76
694,2017-03-27,FB,140.32
695,2017-03-24,FB,140.34
696,2017-03-23,FB,139.53
697,2017-03-22,FB,139.59
698,2017-03-21,FB,138.51
699,2017-03-20,FB,139.94
700,2017-03-17,FB,139.84
701,2017-03-16,FB,139.99
702,2017-03-15,FB,139.72
703,2017-03-14,FB,139.32
704,2017-03-13,FB,139.6
705,2017-03-10,FB,138.79
706,2017-03-09,FB,138.24
707,2017-03-08,FB,137.72
708,2017-03-07,FB,137.3
709,2017-03-06,FB,137.42
710,2017-03-03,FB,137.17
711,2017-03-02,FB,136.76
712,2017-03-01,FB,137.42
713,2017-02-28,FB,135.54
714,2017-02-27,FB,136.41
715,2017-02-24,FB,135.44
716,2017-02-23,FB,135.36
717,2017-02-22,FB,136.12
718,2017-02-21,FB,133.72
719,2017-02-17,FB,133.53
720,2017-02-16,FB,133.84
721,2017-02-15,FB,133.44
722,2017-02-14,FB,133.85
723,2017-02-13,FB,134.05
724,2017-02-10,FB,134.19
725,2017-02-09,FB,134.14
726,2017-02-08,FB,134.2
727,2017-02-07,FB,131.84
728,2017-02-06,FB,132.06
729,2017-02-03,FB,130.98
730,2017-02-02,FB,130.84
731,2017-02-01,FB,133.23
732,2017-01-31,FB,130.32
733,2017-01-30,FB,130.98
734,2017-01-27,FB,132.18
735,2017-01-26,FB,132.78
736,2017-01-25,FB,131.48
737,2017-01-24,FB,129.37
738,2017-01-23,FB,128.93
739,2017-01-20,FB,127.04
740,2017-01-19,FB,127.55
741,2017-01-18,FB,127.92
742,2017-01-17,FB,127.87
743,2017-01-13,FB,128.34
744,2017-01-12,FB,126.62
745,2017-01-11,FB,126.09
746,2017-01-10,FB,124.35
747,2017-01-09,FB,124.9
748,2017-01-06,FB,123.41
749,2017-01-05,FB,120.67
750,2017-01-04,FB,118.69
751,2017-01-03,FB,116.86
752,2016-12-30,FB,115.05
753,2016-12-29,FB,116.35
754,2016-12-28,FB,116.92
755,2016-12-27,FB,118.01
756,2016-12-23,FB,117.27
757,2016-12-22,FB,117.4
758,2016-12-21,FB,119.04
759,2016-12-20,FB,119.09
760,2016-12-19,FB,119.24
761,2016-12-16,FB,119.87
762,2016-12-15,FB,120.57
763,2016-12-14,FB,120.21
764,2016-12-13,FB,120.31
765,2016-12-12,FB,117.77
766,2016-12-09,FB,119.68
767,2016-12-08,FB,118.91
768,2016-12-07,FB,117.95
769,2016-12-06,FB,117.31
770,2016-12-05,FB,117.43
771,2016-12-02,FB,115.4
772,2016-12-01,FB,115.1
773,2016-11-30,FB,118.42
774,2016-11-29,FB,120.87
775,2016-11-28,FB,120.41
776,2016-11-25,FB,120.38
777,2016-11-23,FB,120.84
778,2016-11-22,FB,121.47
779,2016-11-21,FB,121.77
780,2016-11-18,FB,117.02
781,2016-11-17,FB,117.79
782,2016-11-16,FB,116.34
783,2016-11-15,FB,117.2
784,2016-11-14,FB,115.08
785,2016-11-11,FB,119.02
786,2016-11-10,FB,120.8
787,2016-11-09,FB,123.18
788,2016-11-08,FB,124.22
789,2016-11-07,FB,122.15
790,2016-11-04,FB,120.75
791,2016-11-03,FB,120.0
792,2016-11-02,FB,127.17
793,2016-11-01,FB,129.5
794,2016-10-31,FB,130.99
795,2016-10-28,FB,131.29
796,2016-10-27,FB,129.69
797,2016-10-26,FB,131.04
798,2016-10-25,FB,132.29
799,2016-10-24,FB,133.28
800,2016-10-21,FB,132.07
801,2016-10-20,FB,130.0
802,2016-10-19,FB,130.11
803,2016-10-18,FB,128.57
804,2016-10-17,FB,127.54
805,2016-10-14,FB,127.88
806,2016-10-13,FB,127.82
807,2016-10-12,FB,129.05
808,2016-10-11,FB,128.88
809,2016-10-10,FB,130.24
810,2016-10-07,FB,128.99
811,2016-10-06,FB,128.74
812,2016-10-05,FB,128.47
813,2016-10-04,FB,128.19
814,2016-10-03,FB,128.77
815,2016-09-30,FB,128.27
816,2016-09-29,FB,128.09
817,2016-09-28,FB,129.23
818,2016-09-27,FB,128.69
819,2016-09-26,FB,127.31
820,2016-09-23,FB,127.96
821,2016-09-22,FB,130.08
822,2016-09-21,FB,129.94
823,2016-09-20,FB,128.64
824,2016-09-19,FB,128.65
825,2016-09-16,FB,129.07
826,2016-09-15,FB,128.35
827,2016-09-14,FB,127.77
828,2016-09-13,FB,127.21
829,2016-09-12,FB,128.69
830,2016-09-09,FB,127.1
831,2016-09-08,FB,130.27
832,2016-09-07,FB,131.05
833,2016-09-06,FB,129.73
834,2016-09-02,FB,126.51
835,2016-09-01,FB,126.17
836,2016-08-31,FB,126.12
837,2016-08-30,FB,125.84
838,2016-08-29,FB,126.54
839,2016-08-26,FB,124.96
840,2016-08-25,FB,123.89
841,2016-08-24,FB,123.48
842,2016-08-23,FB,124.37
843,2016-08-22,FB,124.15
844,2016-08-19,FB,123.56
845,2016-08-18,FB,123.91
846,2016-08-17,FB,124.37
847,2016-08-16,FB,123.3
848,2016-08-15,FB,123.9
849,2016-08-12,FB,124.88
850,2016-08-11,FB,124.9
851,2016-08-10,FB,124.88
852,2016-08-09,FB,125.06
853,2016-08-08,FB,125.26
854,2016-08-05,FB,125.15
855,2016-08-04,FB,124.36
856,2016-08-03,FB,122.51
857,2016-08-02,FB,123.09
858,2016-08-01,FB,124.31
859,2016-07-29,FB,123.94
860,2016-07-28,FB,125.0
861,2016-07-27,FB,123.34
862,2016-07-26,FB,121.22
863,2016-07-25,FB,121.63
864,2016-07-22,FB,121.0
865,2016-07-21,FB,120.61
866,2016-07-20,FB,121.92
867,2016-07-19,FB,120.61
868,2016-07-18,FB,119.37
869,2016-07-15,FB,116.86
870,2016-07-14,FB,117.29
871,2016-07-13,FB,116.78
872,2016-07-12,FB,117.93
873,2016-07-11,FB,117.87
874,2016-07-08,FB,117.24
875,2016-07-07,FB,115.85
876,2016-07-06,FB,116.7
877,2016-07-05,FB,114.0
878,2016-07-01,FB,114.19
879,2016-06-30,FB,114.28
880,2016-06-29,FB,114.16
881,2016-06-28,FB,112.7
882,2016-06-27,FB,108.97
883,2016-06-24,FB,112.08
884,2016-06-23,FB,115.08
885,2016-06-22,FB,113.91
886,2016-06-21,FB,114.38
887,2016-06-20,FB,113.37
888,2016-06-17,FB,113.02
889,2016-06-16,FB,114.39
890,2016-06-15,FB,114.6
891,2016-06-14,FB,114.94
892,2016-06-13,FB,113.95
893,2016-06-10,FB,116.62
894,2016-06-09,FB,118.56
895,2016-06-08,FB,118.39
896,2016-06-07,FB,117.76
897,2016-06-06,FB,118.79
898,2016-06-03,FB,118.47
899,2016-06-02,FB,118.93
900,2016-06-01,FB,118.78
901,2016-05-31,FB,118.81
902,2016-05-27,FB,119.38
903,2016-05-26,FB,119.47
904,2016-05-25,FB,117.89
905,2016-05-24,FB,117.7
906,2016-05-23,FB,115.97
907,2016-05-20,FB,117.35
908,2016-05-19,FB,116.81
909,2016-05-18,FB,117.65
910,2016-05-17,FB,117.35
911,2016-05-16,FB,118.67
912,2016-05-13,FB,119.81
913,2016-05-12,FB,120.28
914,2016-05-11,FB,119.52
915,2016-05-10,FB,120.5
916,2016-05-09,FB,119.24
917,2016-05-06,FB,119.49
918,2016-05-05,FB,117.81
919,2016-05-04,FB,118.06
920,2016-05-03,FB,117.43
921,2016-05-02,FB,118.57
922,2016-04-29,FB,117.58
923,2016-04-28,FB,116.73
924,2016-04-27,FB,108.89
925,2016-04-26,FB,108.76
926,2016-04-25,FB,110.1
927,2016-04-22,FB,110.56
928,2016-04-21,FB,113.44
929,2016-04-20,FB,112.42
930,2016-04-19,FB,112.29
931,2016-04-18,FB,110.45
932,2016-04-15,FB,109.64
933,2016-04-14,FB,110.84
934,2016-04-13,FB,110.51
935,2016-04-12,FB,110.61
936,2016-04-11,FB,108.99
937,2016-04-08,FB,110.63
938,2016-04-07,FB,113.64
939,2016-04-06,FB,113.71
940,2016-04-05,FB,112.22
941,2016-04-04,FB,112.55
942,2016-04-01,FB,116.06
943,2016-03-31,FB,114.1
944,2016-03-30,FB,114.7
945,2016-03-29,FB,116.14
946,2016-03-28,FB,113.69
947,2016-03-24,FB,113.05
948,2016-03-23,FB,112.54
949,2016-03-22,FB,112.25
950,2016-03-21,FB,111.85
951,2016-03-18,FB,111.45
952,2016-03-17,FB,111.02
953,2016-03-16,FB,112.18
954,2016-03-15,FB,110.67
955,2016-03-14,FB,109.89
956,2016-03-11,FB,109.41
957,2016-03-10,FB,107.32
958,2016-03-09,FB,107.51
959,2016-03-08,FB,105.93
960,2016-03-07,FB,105.73
961,2016-03-04,FB,108.39
962,2016-03-03,FB,109.58
963,2016-03-02,FB,109.95
964,2016-03-01,FB,109.82
965,2016-02-29,FB,106.92
966,2016-02-26,FB,107.92
967,2016-02-25,FB,108.07
968,2016-02-24,FB,106.88
969,2016-02-23,FB,105.46
970,2016-02-22,FB,107.16
971,2016-02-19,FB,104.57
972,2016-02-18,FB,103.47
973,2016-02-17,FB,105.2
974,2016-02-16,FB,101.61
975,2016-02-12,FB,102.01
976,2016-02-11,FB,101.91
977,2016-02-10,FB,101.0
978,2016-02-09,FB,99.54
979,2016-02-08,FB,99.75
980,2016-02-05,FB,104.07
981,2016-02-04,FB,110.49
982,2016-02-03,FB,112.69
983,2016-02-02,FB,114.61
984,2016-02-01,FB,115.09
985,2016-01-29,FB,112.21
986,2016-01-28,FB,109.11
987,2016-01-27,FB,94.45
988,2016-01-26,FB,97.34
989,2016-01-25,FB,97.01
990,2016-01-22,FB,97.94
991,2016-01-21,FB,94.16
992,2016-01-20,FB,94.35
993,2016-01-19,FB,95.26
994,2016-01-15,FB,94.97
995,2016-01-14,FB,98.37
996,2016-01-13,FB,95.44
997,2016-01-12,FB,99.37
998,2016-01-11,FB,97.51
999,2016-01-08,FB,97.33
1000,2016-01-07,FB,97.92
1001,2016-01-06,FB,102.97
1002,2016-01-05,FB,102.73
1003,2016-01-04,FB,102.22
1004,2017-12-29,AMZN,1169.47
1005,2017-12-28,AMZN,1186.1
1006,2017-12-27,AMZN,1182.26
1007,2017-12-26,AMZN,1176.76
1008,2017-12-22,AMZN,1168.36
1009,2017-12-21,AMZN,1174.76
1010,2017-12-20,AMZN,1177.62
1011,2017-12-19,AMZN,1187.38
1012,2017-12-18,AMZN,1190.58
1013,2017-12-15,AMZN,1179.14
1014,2017-12-14,AMZN,1174.26
1015,2017-12-13,AMZN,1164.13
1016,2017-12-12,AMZN,1165.08
1017,2017-12-11,AMZN,1168.92
1018,2017-12-08,AMZN,1162.0
1019,2017-12-07,AMZN,1159.79
1020,2017-12-06,AMZN,1152.35
1021,2017-12-05,AMZN,1141.57
1022,2017-12-04,AMZN,1133.95
1023,2017-12-01,AMZN,1162.35
1024,2017-11-30,AMZN,1176.75
1025,2017-11-29,AMZN,1161.27
1026,2017-11-28,AMZN,1193.6
1027,2017-11-27,AMZN,1195.83
1028,2017-11-24,AMZN,1186.0
1029,2017-11-22,AMZN,1156.16
1030,2017-11-21,AMZN,1139.49
1031,2017-11-20,AMZN,1126.31
1032,2017-11-17,AMZN,1129.88
1033,2017-11-16,AMZN,1137.29
1034,2017-11-15,AMZN,1126.69
1035,2017-11-14,AMZN,1136.84
1036,2017-11-13,AMZN,1129.17
1037,2017-11-10,AMZN,1125.35
1038,2017-11-09,AMZN,1129.13
1039,2017-11-07,AMZN,1123.17
1040,2017-11-06,AMZN,1120.66
1041,2017-11-03,AMZN,1111.6
1042,2017-11-02,AMZN,1094.22
1043,2017-11-01,AMZN,1103.68
1044,2017-10-31,AMZN,1105.28
1045,2017-10-30,AMZN,1110.85
1046,2017-10-27,AMZN,1100.95
1047,2017-10-26,AMZN,972.43
1048,2017-10-25,AMZN,972.91
1049,2017-10-24,AMZN,975.9
1050,2017-10-23,AMZN,966.3
1051,2017-10-20,AMZN,982.91
1052,2017-10-19,AMZN,986.61
1053,2017-10-18,AMZN,997.0
1054,2017-10-17,AMZN,1009.13
1055,2017-10-16,AMZN,1006.34
1056,2017-10-13,AMZN,1002.94
1057,2017-10-12,AMZN,1000.93
1058,2017-10-11,AMZN,995.0
1059,2017-10-10,AMZN,987.2
1060,2017-10-09,AMZN,990.99
1061,2017-10-06,AMZN,989.58
1062,2017-10-05,AMZN,980.85
1063,2017-10-04,AMZN,965.45
1064,2017-10-03,AMZN,957.1
1065,2017-10-02,AMZN,959.19
1066,2017-09-29,AMZN,961.35
1067,2017-09-28,AMZN,956.4
1068,2017-09-27,AMZN,950.87
1069,2017-09-26,AMZN,938.6
1070,2017-09-25,AMZN,939.79
1071,2017-09-22,AMZN,955.1
1072,2017-09-21,AMZN,964.65
1073,2017-09-20,AMZN,973.21
1074,2017-09-19,AMZN,969.86
1075,2017-09-18,AMZN,974.19
1076,2017-09-15,AMZN,986.79
1077,2017-09-14,AMZN,992.21
1078,2017-09-13,AMZN,999.6
1079,2017-09-12,AMZN,982.58
1080,2017-09-11,AMZN,977.96
1081,2017-09-08,AMZN,965.9
1082,2017-09-07,AMZN,979.47
1083,2017-09-06,AMZN,967.8
1084,2017-09-05,AMZN,965.27
1085,2017-09-01,AMZN,978.25
1086,2017-08-31,AMZN,980.6
1087,2017-08-30,AMZN,967.59
1088,2017-08-29,AMZN,954.06
1089,2017-08-28,AMZN,946.02
1090,2017-08-25,AMZN,945.26
1091,2017-08-24,AMZN,952.45
1092,2017-08-23,AMZN,958.0
1093,2017-08-22,AMZN,966.9
1094,2017-08-21,AMZN,953.29
1095,2017-08-18,AMZN,958.47
1096,2017-08-17,AMZN,960.57
1097,2017-08-16,AMZN,978.18
1098,2017-08-15,AMZN,982.74
1099,2017-08-14,AMZN,983.3
1100,2017-08-11,AMZN,967.99
1101,2017-08-10,AMZN,956.92
1102,2017-08-09,AMZN,982.01
1103,2017-08-08,AMZN,989.84
1104,2017-08-04,AMZN,987.58
1105,2017-08-03,AMZN,986.92
1106,2017-08-02,AMZN,995.89
1107,2017-08-01,AMZN,996.19
1108,2017-07-31,AMZN,987.78
1109,2017-07-28,AMZN,1020.04
1110,2017-07-27,AMZN,1046.0
1111,2017-07-26,AMZN,1052.8
1112,2017-07-25,AMZN,1039.87
1113,2017-07-24,AMZN,1038.95
1114,2017-07-21,AMZN,1025.67
1115,2017-07-20,AMZN,1028.7
1116,2017-07-19,AMZN,1026.87
1117,2017-07-18,AMZN,1024.38
1118,2017-07-17,AMZN,1010.04
1119,2017-07-14,AMZN,1001.81
1120,2017-07-13,AMZN,999.855
1121,2017-07-12,AMZN,1006.51
1122,2017-07-11,AMZN,994.13
1123,2017-07-10,AMZN,996.47
1124,2017-07-07,AMZN,978.76
1125,2017-07-06,AMZN,965.14
1126,2017-07-05,AMZN,971.4
1127,2017-07-03,AMZN,953.66
1128,2017-06-30,AMZN,968.0
1129,2017-06-29,AMZN,975.93
1130,2017-06-28,AMZN,990.33
1131,2017-06-27,AMZN,976.78
1132,2017-06-26,AMZN,993.98
1133,2017-06-23,AMZN,1003.74
1134,2017-06-22,AMZN,1001.3
1135,2017-06-21,AMZN,1002.23
1136,2017-06-20,AMZN,992.59
1137,2017-06-19,AMZN,995.17
1138,2017-06-16,AMZN,987.71
1139,2017-06-15,AMZN,964.17
1140,2017-06-14,AMZN,976.47
1141,2017-06-13,AMZN,980.79
1142,2017-06-12,AMZN,964.83
1143,2017-06-09,AMZN,978.31
1144,2017-06-08,AMZN,1009.94
1145,2017-06-07,AMZN,1010.07
1146,2017-06-06,AMZN,1002.97
1147,2017-06-05,AMZN,1011.34
1148,2017-06-02,AMZN,1006.73
1149,2017-06-01,AMZN,995.95
1150,2017-05-31,AMZN,994.62
1151,2017-05-30,AMZN,996.7
1152,2017-05-26,AMZN,995.78
1153,2017-05-25,AMZN,993.38
1154,2017-05-24,AMZN,980.35
1155,2017-05-23,AMZN,971.54
1156,2017-05-22,AMZN,970.7
1157,2017-05-19,AMZN,959.84
1158,2017-05-18,AMZN,958.49
1159,2017-05-17,AMZN,944.52
1160,2017-05-16,AMZN,966.07
1161,2017-05-15,AMZN,957.97
1162,2017-05-12,AMZN,961.35
1163,2017-05-11,AMZN,947.62
1164,2017-05-10,AMZN,948.95
1165,2017-05-09,AMZN,952.82
1166,2017-05-08,AMZN,949.04
1167,2017-05-05,AMZN,934.15
1168,2017-05-04,AMZN,937.53
1169,2017-05-03,AMZN,941.03
1170,2017-05-02,AMZN,946.68
1171,2017-05-01,AMZN,948.43
1172,2017-04-28,AMZN,924.99
1173,2017-04-27,AMZN,918.76
1174,2017-04-26,AMZN,909.29
1175,2017-04-25,AMZN,907.62
1176,2017-04-24,AMZN,907.41
1177,2017-04-21,AMZN,898.53
1178,2017-04-20,AMZN,902.06
1179,2017-04-19,AMZN,899.2
1180,2017-04-18,AMZN,903.78
1181,2017-04-17,AMZN,901.99
1182,2017-04-13,AMZN,884.67
1183,2017-04-12,AMZN,896.23
1184,2017-04-11,AMZN,902.36
1185,2017-04-10,AMZN,907.04
1186,2017-04-07,AMZN,894.88
1187,2017-04-06,AMZN,898.28
1188,2017-04-05,AMZN,909.28
1189,2017-04-04,AMZN,906.83
1190,2017-04-03,AMZN,891.51
1191,2017-03-31,AMZN,886.54
1192,2017-03-30,AMZN,876.34
1193,2017-03-29,AMZN,874.32
1194,2017-03-28,AMZN,856.0
1195,2017-03-27,AMZN,846.82
1196,2017-03-24,AMZN,845.61
1197,2017-03-23,AMZN,847.38
1198,2017-03-22,AMZN,848.06
1199,2017-03-21,AMZN,843.2
1200,2017-03-20,AMZN,856.97
1201,2017-03-17,AMZN,852.31
1202,2017-03-16,AMZN,853.42
1203,2017-03-15,AMZN,852.97
1204,2017-03-14,AMZN,852.53
1205,2017-03-13,AMZN,854.59
1206,2017-03-10,AMZN,852.46
1207,2017-03-09,AMZN,853.0
1208,2017-03-08,AMZN,850.5
1209,2017-03-07,AMZN,846.02
1210,2017-03-06,AMZN,846.61
1211,2017-03-03,AMZN,849.88
1212,2017-03-02,AMZN,848.91
1213,2017-03-01,AMZN,853.08
1214,2017-02-28,AMZN,845.04
1215,2017-02-27,AMZN,848.64
1216,2017-02-24,AMZN,845.24
1217,2017-02-23,AMZN,852.19
1218,2017-02-22,AMZN,855.61
1219,2017-02-21,AMZN,856.44
1220,2017-02-17,AMZN,845.07
1221,2017-02-16,AMZN,844.14
1222,2017-02-15,AMZN,842.7
1223,2017-02-14,AMZN,836.39
1224,2017-02-13,AMZN,836.53
1225,2017-02-10,AMZN,827.46
1226,2017-02-09,AMZN,821.36
1227,2017-02-08,AMZN,819.71
1228,2017-02-07,AMZN,812.5
1229,2017-02-06,AMZN,807.64
1230,2017-02-03,AMZN,810.2
1231,2017-02-02,AMZN,839.95
1232,2017-02-01,AMZN,832.35
1233,2017-01-31,AMZN,823.48
1234,2017-01-30,AMZN,830.38
1235,2017-01-27,AMZN,835.77
1236,2017-01-26,AMZN,839.15
1237,2017-01-25,AMZN,836.52
1238,2017-01-24,AMZN,822.44
1239,2017-01-23,AMZN,817.88
1240,2017-01-20,AMZN,808.33
1241,2017-01-19,AMZN,809.04
1242,2017-01-18,AMZN,807.48
1243,2017-01-17,AMZN,809.72
1244,2017-01-13,AMZN,817.14
1245,2017-01-12,AMZN,813.64
1246,2017-01-11,AMZN,799.02
1247,2017-01-10,AMZN,795.9
1248,2017-01-09,AMZN,796.92
1249,2017-01-06,AMZN,795.99
1250,2017-01-05,AMZN,780.45
1251,2017-01-04,AMZN,757.18
1252,2017-01-03,AMZN,753.67
1253,2016-12-30,AMZN,749.87
1254,2016-12-29,AMZN,765.15
1255,2016-12-28,AMZN,772.13
1256,2016-12-27,AMZN,771.4
1257,2016-12-23,AMZN,760.59
1258,2016-12-22,AMZN,766.34
1259,2016-12-21,AMZN,770.6
1260,2016-12-20,AMZN,771.22
1261,2016-12-19,AMZN,766.0
1262,2016-12-16,AMZN,757.77
1263,2016-12-15,AMZN,761.0
1264,2016-12-14,AMZN,768.82
1265,2016-12-13,AMZN,774.34
1266,2016-12-12,AMZN,760.12
1267,2016-12-09,AMZN,768.66
1268,2016-12-08,AMZN,767.33
1269,2016-12-07,AMZN,770.42
1270,2016-12-06,AMZN,764.72
1271,2016-12-05,AMZN,759.36
1272,2016-12-02,AMZN,740.34
1273,2016-12-01,AMZN,743.65
1274,2016-11-30,AMZN,750.57
1275,2016-11-29,AMZN,762.52
1276,2016-11-28,AMZN,766.77
1277,2016-11-25,AMZN,780.37
1278,2016-11-23,AMZN,780.12
1279,2016-11-22,AMZN,785.33
1280,2016-11-21,AMZN,780.0
1281,2016-11-18,AMZN,760.16
1282,2016-11-17,AMZN,756.4
1283,2016-11-16,AMZN,746.49
1284,2016-11-15,AMZN,743.24
1285,2016-11-14,AMZN,719.07
1286,2016-11-11,AMZN,739.01
1287,2016-11-10,AMZN,742.38
1288,2016-11-09,AMZN,771.88
1289,2016-11-08,AMZN,787.75
1290,2016-11-07,AMZN,784.93
1291,2016-11-04,AMZN,755.05
1292,2016-11-03,AMZN,767.03
1293,2016-11-02,AMZN,765.56
1294,2016-11-01,AMZN,785.41
1295,2016-10-31,AMZN,789.82
1296,2016-10-28,AMZN,776.32
1297,2016-10-27,AMZN,818.36
1298,2016-10-26,AMZN,822.59
1299,2016-10-25,AMZN,835.18
1300,2016-10-24,AMZN,838.09
1301,2016-10-21,AMZN,818.99
1302,2016-10-20,AMZN,810.32
1303,2016-10-19,AMZN,817.69
1304,2016-10-18,AMZN,817.65
1305,2016-10-17,AMZN,812.95
1306,2016-10-14,AMZN,822.96
1307,2016-10-13,AMZN,829.28
1308,2016-10-12,AMZN,834.09
1309,2016-10-11,AMZN,831.0
1310,2016-10-10,AMZN,841.71
1311,2016-10-07,AMZN,839.43
1312,2016-10-06,AMZN,841.66
1313,2016-10-05,AMZN,844.36
1314,2016-10-04,AMZN,834.03
1315,2016-10-03,AMZN,836.74
1316,2016-09-30,AMZN,837.31
1317,2016-09-29,AMZN,829.05
1318,2016-09-28,AMZN,828.72
1319,2016-09-27,AMZN,816.11
1320,2016-09-26,AMZN,799.16
1321,2016-09-23,AMZN,805.75
1322,2016-09-22,AMZN,804.7
1323,2016-09-21,AMZN,789.74
1324,2016-09-20,AMZN,780.22
1325,2016-09-19,AMZN,775.1
1326,2016-09-16,AMZN,778.52
1327,2016-09-15,AMZN,769.69
1328,2016-09-14,AMZN,761.09
1329,2016-09-13,AMZN,761.01
1330,2016-09-12,AMZN,771.49
1331,2016-09-09,AMZN,760.14
1332,2016-09-08,AMZN,784.06
1333,2016-09-07,AMZN,784.48
1334,2016-09-06,AMZN,788.87
1335,2016-09-02,AMZN,772.44
1336,2016-09-01,AMZN,770.62
1337,2016-08-31,AMZN,769.16
1338,2016-08-30,AMZN,767.58
1339,2016-08-29,AMZN,771.29
1340,2016-08-26,AMZN,769.0
1341,2016-08-25,AMZN,759.22
1342,2016-08-24,AMZN,757.25
1343,2016-08-23,AMZN,762.45
1344,2016-08-22,AMZN,759.48
1345,2016-08-19,AMZN,757.31
1346,2016-08-18,AMZN,764.46
1347,2016-08-17,AMZN,764.63
1348,2016-08-16,AMZN,764.04
1349,2016-08-15,AMZN,768.49
1350,2016-08-12,AMZN,772.56
1351,2016-08-11,AMZN,771.24
1352,2016-08-10,AMZN,768.56
1353,2016-08-09,AMZN,768.31
1354,2016-08-08,AMZN,766.56
1355,2016-08-05,AMZN,765.98
1356,2016-08-04,AMZN,760.77
1357,2016-08-03,AMZN,754.64
1358,2016-08-02,AMZN,760.58
1359,2016-08-01,AMZN,767.74
1360,2016-07-29,AMZN,758.81
1361,2016-07-28,AMZN,752.61
1362,2016-07-27,AMZN,736.67
1363,2016-07-26,AMZN,735.59
1364,2016-07-25,AMZN,739.61
1365,2016-07-22,AMZN,744.86
1366,2016-07-21,AMZN,744.43
1367,2016-07-20,AMZN,745.72
1368,2016-07-19,AMZN,739.95
1369,2016-07-18,AMZN,736.07
1370,2016-07-15,AMZN,735.44
1371,2016-07-14,AMZN,741.2
1372,2016-07-13,AMZN,742.63
1373,2016-07-12,AMZN,748.21
1374,2016-07-11,AMZN,753.78
1375,2016-07-08,AMZN,745.81
1376,2016-07-07,AMZN,736.57
1377,2016-07-06,AMZN,737.61
1378,2016-07-05,AMZN,728.1
1379,2016-07-01,AMZN,725.68
1380,2016-06-30,AMZN,715.62
1381,2016-06-29,AMZN,715.6
1382,2016-06-28,AMZN,707.95
1383,2016-06-27,AMZN,691.36
1384,2016-06-24,AMZN,698.96
1385,2016-06-23,AMZN,722.08
1386,2016-06-22,AMZN,710.6
1387,2016-06-21,AMZN,715.82
1388,2016-06-20,AMZN,714.01
1389,2016-06-17,AMZN,706.39
1390,2016-06-16,AMZN,717.51
1391,2016-06-15,AMZN,714.26
1392,2016-06-14,AMZN,719.3
1393,2016-06-13,AMZN,715.24
1394,2016-06-10,AMZN,717.91
1395,2016-06-09,AMZN,727.65
1396,2016-06-08,AMZN,726.64
1397,2016-06-07,AMZN,723.74
1398,2016-06-06,AMZN,726.73
1399,2016-06-03,AMZN,725.54
1400,2016-06-02,AMZN,728.24
1401,2016-06-01,AMZN,719.44
1402,2016-05-31,AMZN,722.79
1403,2016-05-27,AMZN,712.24
1404,2016-05-26,AMZN,714.91
1405,2016-05-25,AMZN,708.35
1406,2016-05-24,AMZN,704.2
1407,2016-05-23,AMZN,696.75
1408,2016-05-20,AMZN,702.8
1409,2016-05-19,AMZN,698.52
1410,2016-05-18,AMZN,697.45
1411,2016-05-17,AMZN,695.27
1412,2016-05-16,AMZN,710.66
1413,2016-05-13,AMZN,709.92
1414,2016-05-12,AMZN,717.93
1415,2016-05-11,AMZN,713.23
1416,2016-05-10,AMZN,703.07
1417,2016-05-09,AMZN,679.75
1418,2016-05-06,AMZN,673.95
1419,2016-05-05,AMZN,659.09
1420,2016-05-04,AMZN,670.9
1421,2016-05-03,AMZN,671.32
1422,2016-05-02,AMZN,683.85
1423,2016-04-29,AMZN,659.59
1424,2016-04-28,AMZN,602.0
1425,2016-04-27,AMZN,606.57
1426,2016-04-26,AMZN,616.88
1427,2016-04-25,AMZN,626.2
1428,2016-04-22,AMZN,620.5
1429,2016-04-21,AMZN,631.0
1430,2016-04-20,AMZN,632.99
1431,2016-04-19,AMZN,627.9
1432,2016-04-18,AMZN,635.35
1433,2016-04-15,AMZN,625.89
1434,2016-04-14,AMZN,620.75
1435,2016-04-13,AMZN,614.82
1436,2016-04-12,AMZN,603.17
1437,2016-04-11,AMZN,595.93
1438,2016-04-08,AMZN,594.6
1439,2016-04-07,AMZN,591.43
1440,2016-04-06,AMZN,602.08
1441,2016-04-05,AMZN,586.14
1442,2016-04-04,AMZN,593.19
1443,2016-04-01,AMZN,598.5
1444,2016-03-31,AMZN,593.64
1445,2016-03-30,AMZN,598.69
1446,2016-03-29,AMZN,593.86
1447,2016-03-28,AMZN,579.87
1448,2016-03-24,AMZN,582.95
1449,2016-03-23,AMZN,569.63
1450,2016-03-22,AMZN,560.48
1451,2016-03-21,AMZN,553.98
1452,2016-03-18,AMZN,552.08
1453,2016-03-17,AMZN,559.44
1454,2016-03-16,AMZN,574.27
1455,2016-03-15,AMZN,577.02
1456,2016-03-14,AMZN,573.37
1457,2016-03-11,AMZN,569.61
1458,2016-03-10,AMZN,558.93
1459,2016-03-09,AMZN,559.47
1460,2016-03-08,AMZN,560.26
1461,2016-03-07,AMZN,562.8
1462,2016-03-04,AMZN,575.14
1463,2016-03-03,AMZN,577.49
1464,2016-03-02,AMZN,580.21
1465,2016-03-01,AMZN,579.04
1466,2016-02-29,AMZN,552.52
1467,2016-02-26,AMZN,555.23
1468,2016-02-25,AMZN,555.15
1469,2016-02-24,AMZN,554.04
1470,2016-02-23,AMZN,552.94
1471,2016-02-22,AMZN,559.5
1472,2016-02-19,AMZN,534.9
1473,2016-02-18,AMZN,525.0
1474,2016-02-17,AMZN,534.1
1475,2016-02-16,AMZN,521.1
1476,2016-02-12,AMZN,507.08
1477,2016-02-11,AMZN,503.82
1478,2016-02-10,AMZN,490.48
1479,2016-02-09,AMZN,482.07
1480,2016-02-08,AMZN,488.1
1481,2016-02-05,AMZN,502.13
1482,2016-02-04,AMZN,536.26
1483,2016-02-03,AMZN,531.07
1484,2016-02-02,AMZN,552.1
1485,2016-02-01,AMZN,574.81
1486,2016-01-29,AMZN,587.0
1487,2016-01-28,AMZN,635.35
1488,2016-01-27,AMZN,583.35
1489,2016-01-26,AMZN,601.25
1490,2016-01-25,AMZN,596.53
1491,2016-01-22,AMZN,596.38
1492,2016-01-21,AMZN,575.02
1493,2016-01-20,AMZN,571.77
1494,2016-01-19,AMZN,574.48
1495,2016-01-15,AMZN,570.18
1496,2016-01-14,AMZN,593.0
1497,2016-01-13,AMZN,581.81
1498,2016-01-12,AMZN,617.89
1499,2016-01-11,AMZN,617.74
1500,2016-01-08,AMZN,607.05
1501,2016-01-07,AMZN,607.94
1502,2016-01-06,AMZN,632.65
1503,2016-01-05,AMZN,633.79
1504,2016-01-04,AMZN,636.99
1505,2017-12-29,AAPL,169.23
1506,2017-12-28,AAPL,171.08
1507,2017-12-27,AAPL,170.6
1508,2017-12-26,AAPL,170.57
1509,2017-12-22,AAPL,175.01
1510,2017-12-21,AAPL,175.01
1511,2017-12-20,AAPL,174.35
1512,2017-12-19,AAPL,174.54
1513,2017-12-18,AAPL,176.42
1514,2017-12-15,AAPL,173.87
1515,2017-12-14,AAPL,172.22
1516,2017-12-13,AAPL,172.27
1517,2017-12-12,AAPL,171.7
1518,2017-12-11,AAPL,172.67
1519,2017-12-08,AAPL,169.37
1520,2017-12-07,AAPL,169.452
1521,2017-12-06,AAPL,169.01
1522,2017-12-05,AAPL,169.64
1523,2017-12-04,AAPL,169.8
1524,2017-12-01,AAPL,171.05
1525,2017-11-30,AAPL,171.85
1526,2017-11-29,AAPL,169.48
1527,2017-11-28,AAPL,173.07
1528,2017-11-27,AAPL,174.09
1529,2017-11-24,AAPL,174.97
1530,2017-11-22,AAPL,174.96
1531,2017-11-21,AAPL,173.14
1532,2017-11-20,AAPL,169.98
1533,2017-11-17,AAPL,170.15
1534,2017-11-16,AAPL,171.1
1535,2017-11-15,AAPL,169.08
1536,2017-11-14,AAPL,171.34
1537,2017-11-13,AAPL,173.97
1538,2017-11-10,AAPL,174.67
1539,2017-11-09,AAPL,175.88
1540,2017-11-07,AAPL,174.81
1541,2017-11-06,AAPL,174.25
1542,2017-11-03,AAPL,172.5
1543,2017-11-02,AAPL,168.11
1544,2017-11-01,AAPL,166.89
1545,2017-10-31,AAPL,169.04
1546,2017-10-30,AAPL,166.72
1547,2017-10-27,AAPL,163.05
1548,2017-10-26,AAPL,157.41
1549,2017-10-25,AAPL,156.405
1550,2017-10-24,AAPL,157.1
1551,2017-10-23,AAPL,156.17
1552,2017-10-20,AAPL,156.16
1553,2017-10-19,AAPL,155.98
1554,2017-10-18,AAPL,159.76
1555,2017-10-17,AAPL,160.47
1556,2017-10-16,AAPL,159.88
1557,2017-10-13,AAPL,156.99
1558,2017-10-12,AAPL,156.0
1559,2017-10-11,AAPL,156.55
1560,2017-10-10,AAPL,155.9
1561,2017-10-09,AAPL,155.84
1562,2017-10-06,AAPL,155.3
1563,2017-10-05,AAPL,155.39
1564,2017-10-04,AAPL,153.4508
1565,2017-10-03,AAPL,154.48
1566,2017-10-02,AAPL,153.81
1567,2017-09-29,AAPL,154.12
1568,2017-09-28,AAPL,153.28
1569,2017-09-27,AAPL,154.23
1570,2017-09-26,AAPL,153.14
1571,2017-09-25,AAPL,150.55
1572,2017-09-22,AAPL,151.89
1573,2017-09-21,AAPL,153.39
1574,2017-09-20,AAPL,156.07
1575,2017-09-19,AAPL,158.73
1576,2017-09-18,AAPL,158.67
1577,2017-09-15,AAPL,159.88
1578,2017-09-14,AAPL,158.28
1579,2017-09-13,AAPL,159.65
1580,2017-09-12,AAPL,160.82
1581,2017-09-11,AAPL,161.5
1582,2017-09-08,AAPL,158.63
1583,2017-09-07,AAPL,161.26
1584,2017-09-06,AAPL,161.91
1585,2017-09-05,AAPL,162.08
1586,2017-09-01,AAPL,164.05
1587,2017-08-31,AAPL,164.0
1588,2017-08-30,AAPL,163.35
1589,2017-08-29,AAPL,162.91
1590,2017-08-28,AAPL,161.47
1591,2017-08-25,AAPL,159.86
1592,2017-08-24,AAPL,159.27
1593,2017-08-23,AAPL,159.98
1594,2017-08-22,AAPL,159.78
1595,2017-08-21,AAPL,157.21
1596,2017-08-18,AAPL,157.5
1597,2017-08-17,AAPL,157.87
1598,2017-08-16,AAPL,160.95
1599,2017-08-15,AAPL,161.6
1600,2017-08-14,AAPL,159.85
1601,2017-08-11,AAPL,157.48
1602,2017-08-10,AAPL,155.27
1603,2017-08-09,AAPL,160.40914817191
1604,2017-08-08,AAPL,159.43310840282
1605,2017-08-04,AAPL,155.75801988454
1606,2017-08-03,AAPL,154.94133354715
1607,2017-08-02,AAPL,156.50498909557
1608,2017-08-01,AAPL,149.44364015394
1609,2017-07-31,AAPL,148.24848941629
1610,2017-07-28,AAPL,148.89586273252
1611,2017-07-27,AAPL,149.95157921745
1612,2017-07-26,AAPL,152.83986016677
1613,2017-07-25,AAPL,152.12276972418
1614,2017-07-24,AAPL,151.47539640795
1615,2017-07-21,AAPL,149.66275112251
1616,2017-07-20,AAPL,149.73246824888
1617,2017-07-19,AAPL,150.40972033355
1618,2017-07-18,AAPL,149.47351892239
1619,2017-07-17,AAPL,148.9556202694
1620,2017-07-14,AAPL,148.43772161642
1621,2017-07-13,AAPL,147.17285375241
1622,2017-07-12,AAPL,145.15105708788
1623,2017-07-11,AAPL,144.94190570879
1624,2017-07-10,AAPL,144.47380500321
1625,2017-07-07,AAPL,143.59736112893
1626,2017-07-06,AAPL,142.15322065427
1627,2017-07-05,AAPL,143.5077248236
1628,2017-07-03,AAPL,142.92010904426
1629,2017-06-30,AAPL,143.43800769724
1630,2017-06-29,AAPL,143.09938165491
1631,2017-06-28,AAPL,145.2406933932
1632,2017-06-27,AAPL,143.15913919179
1633,2017-06-26,AAPL,145.23073380372
1634,2017-06-23,AAPL,145.75859204618
1635,2017-06-22,AAPL,145.04150160359
1636,2017-06-21,AAPL,145.28053175112
1637,2017-06-20,AAPL,144.4240070558
1638,2017-06-19,AAPL,145.7486324567
1639,2017-06-16,AAPL,141.69507953817
1640,2017-06-15,AAPL,143.70691661321
1641,2017-06-14,AAPL,144.57340089801
1642,2017-06-13,AAPL,145.99762219371
1643,2017-06-12,AAPL,144.7327543297
1644,2017-06-09,AAPL,148.37796407954
1645,2017-06-08,AAPL,154.36367735728
1646,2017-06-07,AAPL,154.74214175754
1647,2017-06-06,AAPL,153.82585952534
1648,2017-06-05,AAPL,153.30796087235
1649,2017-06-02,AAPL,154.82181847338
1650,2017-06-01,AAPL,152.56099166132
1651,2017-05-31,AAPL,152.14268890314
1652,2017-05-30,AAPL,153.04901154586
1653,2017-05-26,AAPL,152.98925400898
1654,2017-05-25,AAPL,153.24820333547
1655,2017-05-24,AAPL,152.72034509301
1656,2017-05-23,AAPL,153.17848620911
1657,2017-05-22,AAPL,153.36771840924
1658,2017-05-19,AAPL,152.34188069275
1659,2017-05-18,AAPL,151.92357793457
1660,2017-05-17,AAPL,149.64283194355
1661,2017-05-16,AAPL,154.84173765234
1662,2017-05-15,AAPL,155.07080821039
1663,2017-05-12,AAPL,155.46919178961
1664,2017-05-11,AAPL,153.32788005131
1665,2017-05-10,AAPL,152.01857223874
1666,2017-05-09,AAPL,152.71290213935
1667,2017-05-08,AAPL,151.76067827566
1668,2017-05-05,AAPL,147.75340284929
1669,2017-05-04,AAPL,145.34308619433
1670,2017-05-03,AAPL,145.86879311907
1671,2017-05-02,AAPL,146.31514805518
1672,2017-05-01,AAPL,145.41251918439
1673,2017-04-28,AAPL,142.48641460326
1674,2017-04-27,AAPL,142.62528058338
1675,2017-04-26,AAPL,142.48720812314
1676,2017-04-25,AAPL,143.36920547689
1677,2017-04-24,AAPL,142.47649560468
1678,2017-04-21,AAPL,141.1175927992
1679,2017-04-20,AAPL,141.28621577506
1680,2017-04-19,AAPL,139.54047202496
1681,2017-04-18,AAPL,140.05625995113
1682,2017-04-17,AAPL,140.68115686168
1683,2017-04-13,AAPL,139.90747497243
1684,2017-04-12,AAPL,140.65139986594
1685,2017-04-11,AAPL,140.48277689007
1686,2017-04-10,AAPL,142.01030267141
1687,2017-04-07,AAPL,142.17892564727
1688,2017-04-06,AAPL,142.49633360184
1689,2017-04-05,AAPL,142.85341755072
1690,2017-04-04,AAPL,143.59734244423
1691,2017-04-03,AAPL,142.53600959616
1692,2017-03-31,AAPL,142.49633360184
1693,2017-03-30,AAPL,142.7641465635
1694,2017-03-29,AAPL,142.95260753652
1695,2017-03-28,AAPL,142.63519958196
1696,2017-03-27,AAPL,139.73885199657
1697,2017-03-24,AAPL,139.50079603064
1698,2017-03-23,AAPL,139.77852799089
1699,2017-03-22,AAPL,140.27447791989
1700,2017-03-21,AAPL,138.70727614424
1701,2017-03-20,AAPL,140.31415391421
1702,2017-03-17,AAPL,138.85606112294
1703,2017-03-16,AAPL,139.55039102354
1704,2017-03-15,AAPL,139.3222540562
1705,2017-03-14,AAPL,137.86416126493
1706,2017-03-13,AAPL,138.07246023511
1707,2017-03-10,AAPL,138.01294624363
1708,2017-03-09,AAPL,137.55667230894
1709,2017-03-08,AAPL,137.87408026351
1710,2017-03-07,AAPL,138.38986818967
1711,2017-03-06,AAPL,138.21132621523
1712,2017-03-03,AAPL,138.64776215275
1713,2017-03-02,AAPL,137.83440426919
1714,2017-03-01,AAPL,138.65768115133
1715,2017-02-28,AAPL,135.8803615489
1716,2017-02-27,AAPL,135.82084755742
1717,2017-02-24,AAPL,135.55303459576
1718,2017-02-23,AAPL,135.42408761422
1719,2017-02-22,AAPL,135.99938953187
1720,2017-02-21,AAPL,135.59271059008
1721,2017-02-17,AAPL,134.62064872923
1722,2017-02-16,AAPL,134.24868628248
1723,2017-02-15,AAPL,134.41234975905
1724,2017-02-14,AAPL,133.92631882862
1725,2017-02-13,AAPL,132.21033207426
1726,2017-02-10,AAPL,131.04980924039
1727,2017-02-09,AAPL,131.34737919779
1728,2017-02-08,AAPL,130.40911308577
1729,2017-02-07,AAPL,129.9054123309
1730,2017-02-06,AAPL,128.68072814257
1731,2017-02-03,AAPL,127.48567341042
1732,2017-02-02,AAPL,126.94246671398
1733,2017-02-01,AAPL,127.15974939256
1734,2017-01-31,AAPL,119.85115020417
1735,2017-01-30,AAPL,120.12769179508
1736,2017-01-27,AAPL,120.44373932755
1737,2017-01-26,AAPL,120.43386284216
1738,2017-01-25,AAPL,120.37460392982
1739,2017-01-24,AAPL,118.48819522039
1740,2017-01-23,AAPL,118.59683655968
1741,2017-01-20,AAPL,118.51782467656
1742,2017-01-19,AAPL,118.30054199798
1743,2017-01-18,AAPL,118.50794819117
1744,2017-01-17,AAPL,118.51782467656
1745,2017-01-13,AAPL,117.56968207915
1746,2017-01-12,AAPL,117.77708827233
1747,2017-01-11,AAPL,118.27091254181
1748,2017-01-10,AAPL,117.63881747687
1749,2017-01-09,AAPL,117.5202996522
1750,2017-01-06,AAPL,116.45363923011
1751,2017-01-05,AAPL,115.16969612944
1752,2017-01-04,AAPL,114.58698349145
1753,2017-01-03,AAPL,114.71537780152
1754,2016-12-30,AAPL,114.38945378366
1755,2016-12-29,AAPL,115.28821395412
1756,2016-12-28,AAPL,115.31784341029
1757,2016-12-27,AAPL,115.81166767978
1758,2016-12-23,AAPL,115.08080776094
1759,2016-12-22,AAPL,114.85364859697
1760,2016-12-21,AAPL,115.61413797198
1761,2016-12-20,AAPL,115.50549663269
1762,2016-12-19,AAPL,115.19932558561
1763,2016-12-16,AAPL,114.5376010645
1764,2016-12-15,AAPL,114.38945378366
1765,2016-12-14,AAPL,113.76723520411
1766,2016-12-13,AAPL,113.76723520411
1767,2016-12-12,AAPL,111.90057946545
1768,2016-12-09,AAPL,112.54255101578
1769,2016-12-08,AAPL,110.73515418946
1770,2016-12-07,AAPL,109.65861728198
1771,2016-12-06,AAPL,108.5919568599
1772,2016-12-05,AAPL,107.76233208716
1773,2016-12-02,AAPL,108.54257443295
1774,2016-12-01,AAPL,108.13763853197
1775,2016-11-30,AAPL,109.15491652711
1776,2016-11-29,AAPL,110.08330615374
1777,2016-11-28,AAPL,110.19194749303
1778,2016-11-25,AAPL,110.4092301716
1779,2016-11-23,AAPL,109.85614698978
1780,2016-11-22,AAPL,110.41910665699
1781,2016-11-21,AAPL,110.34997125926
1782,2016-11-18,AAPL,108.70059819918
1783,2016-11-17,AAPL,108.5919568599
1784,2016-11-16,AAPL,108.63146280145
1785,2016-11-15,AAPL,105.78703500922
1786,2016-11-14,AAPL,104.40432705466
1787,2016-11-11,AAPL,107.09073108066
1788,2016-11-10,AAPL,106.45863601572
1789,2016-11-09,AAPL,109.51047000114
1790,2016-11-08,AAPL,109.68824673815
1791,2016-11-07,AAPL,109.04627518782
1792,2016-11-04,AAPL,107.49566698164
1793,2016-11-03,AAPL,108.47343903522
1794,2016-11-02,AAPL,109.6426726625
1795,2016-11-01,AAPL,109.54441773584
1796,2016-10-31,AAPL,111.55864373242
1797,2016-10-28,AAPL,111.73550260041
1798,2016-10-27,AAPL,112.48224004304
1799,2016-10-26,AAPL,113.57286972899
1800,2016-10-25,AAPL,116.18645077821
1801,2016-10-24,AAPL,115.59692121824
1802,2016-10-21,AAPL,114.56524448828
1803,2016-10-20,AAPL,115.01721715093
1804,2016-10-19,AAPL,115.07617010693
1805,2016-10-18,AAPL,115.42006235025
1806,2016-10-17,AAPL,115.49866629158
1807,2016-10-14,AAPL,115.57727023291
1808,2016-10-13,AAPL,114.9386132096
1809,2016-10-12,AAPL,115.29233094559
1810,2016-10-11,AAPL,114.2704797083
1811,2016-10-10,AAPL,114.02484239164
1812,2016-10-07,AAPL,112.06956935106
1813,2016-10-06,AAPL,111.90253597573
1814,2016-10-05,AAPL,111.07719459177
1815,2016-10-04,AAPL,111.02806712844
1816,2016-10-03,AAPL,110.55644348046
1817,2016-09-30,AAPL,111.07719459177
1818,2016-09-29,AAPL,110.22237672981
1819,2016-09-28,AAPL,111.96148893173
1820,2016-09-27,AAPL,111.11649656244
1821,2016-09-26,AAPL,110.91016121645
1822,2016-09-23,AAPL,110.74312784112
1823,2016-09-22,AAPL,112.61979694037
1824,2016-09-21,AAPL,111.56846922508
1825,2016-09-20,AAPL,111.58812021042
1826,2016-09-19,AAPL,111.59794570308
1827,2016-09-16,AAPL,112.91456172036
1828,2016-09-15,AAPL,113.55321874366
1829,2016-09-14,AAPL,109.81953153049
1830,2016-09-13,AAPL,106.06619333199
1831,2016-09-12,AAPL,103.59999467277
1832,2016-09-09,AAPL,101.33030586687
1833,2016-09-08,AAPL,103.6785986141
1834,2016-09-07,AAPL,106.46903853131
1835,2016-09-06,AAPL,105.82055601534
1836,2016-09-02,AAPL,105.85003249333
1837,2016-09-01,AAPL,104.86748322671
1838,2016-08-31,AAPL,104.24847718874
1839,2016-08-30,AAPL,104.15022226208
1840,2016-08-29,AAPL,104.95591266071
1841,2016-08-26,AAPL,105.0738185727
1842,2016-08-25,AAPL,105.69282461068
1843,2016-08-24,AAPL,106.14479727332
1844,2016-08-23,AAPL,106.95048767195
1845,2016-08-22,AAPL,106.6164209213
1846,2016-08-19,AAPL,107.45158779793
1847,2016-08-18,AAPL,107.17647400328
1848,2016-08-17,AAPL,107.3140309006
1849,2016-08-16,AAPL,107.47123878326
1850,2016-08-15,AAPL,107.56949370993
1851,2016-08-12,AAPL,106.29217966332
1852,2016-08-11,AAPL,106.04654234666
1853,2016-08-10,AAPL,106.11532079532
1854,2016-08-09,AAPL,106.91118570129
1855,2016-08-08,AAPL,106.47886402397
1856,2016-08-05,AAPL,105.60439517668
1857,2016-08-04,AAPL,104.02249085742
1858,2016-08-03,AAPL,103.38725392527
1859,2016-08-02,AAPL,102.10700718511
1860,2016-08-01,AAPL,103.64134869813
1861,2016-07-29,AAPL,101.84313953637
1862,2016-07-28,AAPL,101.9701869228
1863,2016-07-27,AAPL,100.6117571756
1864,2016-07-26,AAPL,94.47439112351
1865,2016-07-25,AAPL,95.129173807411
1866,2016-07-22,AAPL,96.419193423456
1867,2016-07-21,AAPL,97.171704866148
1868,2016-07-20,AAPL,97.689667287742
1869,2016-07-19,AAPL,97.60171140483
1870,2016-07-18,AAPL,97.562619901313
1871,2016-07-15,AAPL,96.536467934005
1872,2016-07-14,AAPL,96.546240809884
1873,2016-07-13,AAPL,94.669848641092
1874,2016-07-12,AAPL,95.207356814444
1875,2016-07-11,AAPL,94.777350275762
1876,2016-07-08,AAPL,94.484163999389
1877,2016-07-07,AAPL,93.760971184333
1878,2016-07-06,AAPL,93.360283273289
1879,2016-07-05,AAPL,92.832547975816
1880,2016-07-01,AAPL,93.712106804938
1881,2016-06-30,AAPL,93.428693404443
1882,2016-06-29,AAPL,92.255948298948
1883,2016-06-28,AAPL,91.464345352739
1884,2016-06-27,AAPL,89.949549591474
1885,2016-06-24,AAPL,91.278660711035
1886,2016-06-23,AAPL,93.917337198399
1887,2016-06-22,AAPL,93.379829025047
1888,2016-06-21,AAPL,93.731652556696
1889,2016-06-20,AAPL,92.940049610487
1890,2016-06-17,AAPL,93.164825755707
1891,2016-06-16,AAPL,95.334404200873
1892,2016-06-15,AAPL,94.933716289828
1893,2016-06-14,AAPL,95.24644831796
1894,2016-06-13,AAPL,95.129173807411
1895,2016-06-10,AAPL,96.585332313401
1896,2016-06-09,AAPL,97.386708135489
1897,2016-06-08,AAPL,96.692833948071
1898,2016-06-07,AAPL,96.780789830983
1899,2016-06-06,AAPL,96.389874795818
1900,2016-06-03,AAPL,95.6960006084
1901,2016-06-02,AAPL,95.500543090818
1902,2016-06-01,AAPL,96.223735905873
1903,2016-05-31,AAPL,97.591938528951
1904,2016-05-27,AAPL,98.070809447028
1905,2016-05-26,AAPL,98.129446702303
1906,2016-05-25,AAPL,97.357389507852
1907,2016-05-24,AAPL,95.676454856642
1908,2016-05-23,AAPL,94.23984210241
1909,2016-05-20,AAPL,93.057324121036
1910,2016-05-19,AAPL,92.060490781365
1911,2016-05-18,AAPL,92.412314313014
1912,2016-05-17,AAPL,91.366616593947
1913,2016-05-16,AAPL,91.747758753233
1914,2016-05-13,AAPL,88.464072457847
1915,2016-05-12,AAPL,88.288160692023
1916,2016-05-11,AAPL,90.408874757793
1917,2016-05-10,AAPL,91.298206462794
1918,2016-05-09,AAPL,90.682515282409
1919,2016-05-06,AAPL,90.614105151255
1920,2016-05-05,AAPL,91.122294696969
1921,2016-05-04,AAPL,91.491407499281
1922,2016-05-03,AAPL,92.453043484251
1923,2016-05-02,AAPL,90.957165285409
1924,2016-04-29,AAPL,91.054300233386
1925,2016-04-28,AAPL,92.113071166332
1926,2016-04-27,AAPL,95.017406110836
1927,2016-04-26,AAPL,101.36031821372
1928,2016-04-25,AAPL,102.06940333395
1929,2016-04-22,AAPL,102.65221302181
1930,2016-04-21,AAPL,102.93390437094
1931,2016-04-20,AAPL,104.06066976747
1932,2016-04-19,AAPL,103.84697288192
1933,2016-04-18,AAPL,104.40064208539
1934,2016-04-15,AAPL,106.70274035244
1935,2016-04-14,AAPL,108.88827668191
1936,2016-04-13,AAPL,108.82999571313
1937,2016-04-12,AAPL,107.2758365455
1938,2016-04-11,AAPL,105.89652028423
1939,2016-04-08,AAPL,105.54683447151
1940,2016-04-07,AAPL,105.43027253394
1941,2016-04-06,AAPL,107.78093827498
1942,2016-04-05,AAPL,106.66388637325
1943,2016-04-04,AAPL,107.93635419174
1944,2016-04-01,AAPL,106.8387292796
1945,2016-03-31,AAPL,105.86737979984
1946,2016-03-30,AAPL,106.4210490033
1947,2016-03-29,AAPL,104.59491198134
1948,2016-03-28,AAPL,102.17625177672
1949,2016-03-24,AAPL,102.64249952701
1950,2016-03-23,AAPL,103.0893202877
1951,2016-03-22,AAPL,103.66241648077
1952,2016-03-21,AAPL,102.87562340215
1953,2016-03-18,AAPL,102.88533689695
1954,2016-03-17,AAPL,102.76877495938
1955,2016-03-16,AAPL,102.93390437094
1956,2016-03-15,AAPL,101.58372859406
1957,2016-03-14,AAPL,99.582748665742
1958,2016-03-11,AAPL,99.330197801003
1959,2016-03-10,AAPL,98.271426868057
1960,2016-03-09,AAPL,98.222859394068
1961,2016-03-08,AAPL,98.135437940889
1962,2016-03-07,AAPL,98.951371503894
1963,2016-03-04,AAPL,100.05870991083
1964,2016-03-03,AAPL,98.59197219638
1965,2016-03-02,AAPL,97.863460086554
1966,2016-03-01,AAPL,97.649763201006
1967,2016-02-29,AAPL,93.919781198699
1968,2016-02-26,AAPL,94.133478084248
1969,2016-02-25,AAPL,93.987775662283
1970,2016-02-24,AAPL,93.346685005636
1971,2016-02-23,AAPL,91.977082239165
1972,2016-02-22,AAPL,94.104337599855
1973,2016-02-19,AAPL,93.28840403685
1974,2016-02-18,AAPL,93.502100922399
1975,2016-02-17,AAPL,95.308810954766
1976,2016-02-16,AAPL,93.871213724711
1977,2016-02-12,AAPL,91.297137603327
1978,2016-02-11,AAPL,91.015446254195
1979,2016-02-10,AAPL,91.569115457662
1980,2016-02-09,AAPL,92.268487083095
1981,2016-02-08,AAPL,92.28791407269
1982,2016-02-05,AAPL,91.32627808772
1983,2016-02-04,AAPL,93.83235974552
1984,2016-02-03,AAPL,93.088425262365
1985,2016-02-02,AAPL,91.281727231844
1986,2016-02-01,AAPL,93.165717156719
1987,2016-01-29,AAPL,94.044912454993
1988,2016-01-28,AAPL,90.90492924687
1989,2016-01-27,AAPL,90.257609631657
1990,2016-01-26,AAPL,96.605206455463
1991,2016-01-25,AAPL,96.07382468178
1992,2016-01-22,AAPL,97.986799067037
1993,2016-01-21,AAPL,93.040117828394
1994,2016-01-20,AAPL,93.513530681311
1995,2016-01-19,AAPL,93.387931352986
1996,2016-01-15,AAPL,93.842021232314
1997,2016-01-14,AAPL,96.151116576134
1998,2016-01-13,AAPL,94.093219888964
1999,2016-01-12,AAPL,96.57622199508
2000,2016-01-11,AAPL,95.194629383506
2001,2016-01-08,AAPL,93.677775956812
2002,2016-01-07,AAPL,93.185040130307
2003,2016-01-06,AAPL,97.291172017853
2004,2016-01-05,AAPL,99.233130863492
2005,2016-01-04,AAPL,101.78376337717
